{
    "testCases": [

      {
        "title": "Example Test Case 1: Forgotten Password",
        "details": "Validate Forgotten Password with test steps and expected results"
      },
      {
        "title": "Example Test Case 2: login with invalid creds",
        "details": "Validate login attempt with invalid creds with test steps and expected results"
      },

      {
        "title": "Example Test Case 3: Validate registration",
        "details": "fill out registration form with first name, last name, address, email, password with test steps and expected results"
      }
    ]
  }
  